Model,Accuracy,Precision (Macro),Precision (Micro),Recall (Macro),Recall (Micro),F1 (Macro),F1 (Micro),C-Index,N_Features
K-Nearest Neighbors,0.7317073170731707,0.5276018099547511,0.7317073170731707,0.5806561859193438,0.7317073170731707,0.548202614379085,0.7317073170731707,0.7791095906227485,6000
Random Forest,0.7073170731707317,0.5104617604617605,0.7073170731707317,0.5613465481886535,0.7073170731707317,0.5263888888888888,0.7073170731707317,0.8592556804824607,6000
XGBoost,0.6829268292682927,0.47815126050420165,0.6829268292682927,0.5352016404647983,0.6829268292682927,0.4998692810457517,0.6829268292682927,0.8487902124512031,6000
SVM (Linear),0.6585365853658537,0.4811274509803921,0.6585365853658537,0.5124743677375256,0.6585365853658537,0.4920431940892299,0.6585365853658537,0.7909616481404407,6000
Logistic Regression,0.6341463414634146,0.4646464646464646,0.6341463414634146,0.4767600820232399,0.6341463414634146,0.4690571253071253,0.6341463414634146,0.8022191444792064,6000
Gradient Boosting,0.4634146341463415,0.32083333333333336,0.4634146341463415,0.3463773069036227,0.4634146341463415,0.3299019607843137,0.4634146341463415,0.620457701378754,6000
SVM (RBF),0.4634146341463415,0.11585365853658537,0.4634146341463415,0.25,0.4634146341463415,0.15833333333333333,0.4634146341463415,0.5,6000
Naive Bayes,0.4634146341463415,0.20476190476190476,0.4634146341463415,0.2951127819548872,0.4634146341463415,0.23433048433048434,0.4634146341463415,0.5305777813517751,6000
Decision Tree,0.3902439024390244,0.3553030303030303,0.3902439024390244,0.36158578263841423,0.3902439024390244,0.33650162098437963,0.3902439024390244,0.5789633880191156,6000
