Model,2000_features,4000_features,6000_features
K-Nearest Neighbors,0.7132505175983437,0.7848230201171377,0.7902490726020138
Logistic Regression,0.7189542483660131,0.7604433077578858,0.7604433077578858
SVM (Linear),0.7510656436487638,0.762907268170426,0.7324222618340265
XGBoost,0.5678282828282829,0.5560386473429951,0.5383986928104575
Random Forest,0.5078703703703703,0.6164619694031459,0.4492486453270767
Gradient Boosting,0.30707070707070705,0.5319444444444444,0.3571946169772257
Decision Tree,0.6737772031889678,0.20788177339901479,0.3349673202614379
Naive Bayes,0.3537414965986394,0.268236074270557,0.24
SVM (RBF),0.2261904761904762,0.2261904761904762,0.2261904761904762
