N_Features,Best_Model,Accuracy,F1_Macro,C_Index
2000,SVM (Linear),0.8918918918918919,0.876984126984127,0.9270012638433691
4000,SVM (Linear),0.7837837837837838,0.7470372764490412,0.8653364179679969
6000,K-Nearest Neighbors,0.8108108108108109,0.7996589940323956,0.9535013719224246
