Model,Accuracy,Precision (Macro),Precision (Micro),Recall (Macro),Recall (Micro),F1 (Macro),F1 (Micro),C-Index,N_Features
SVM (Linear),0.7837837837837838,0.746031746031746,0.7837837837837838,0.7694235588972432,0.7837837837837838,0.7470372764490412,0.7837837837837838,0.8653364179679969,4000
K-Nearest Neighbors,0.7837837837837838,0.7527065527065527,0.7837837837837838,0.7867395762132604,0.7837837837837838,0.7606209150326797,0.7837837837837838,0.9354820617978512,4000
Logistic Regression,0.7297297297297297,0.6601307189542484,0.7297297297297297,0.6741854636591479,0.7297297297297297,0.6475256769374417,0.7297297297297297,0.8113872482293535,4000
Random Forest,0.6756756756756757,0.61489898989899,0.6756756756756757,0.6181362497151971,0.6756756756756757,0.6157248157248157,0.6756756756756757,0.8468616179142495,4000
Decision Tree,0.6216216216216216,0.5511695906432749,0.6216216216216216,0.5529733424470266,0.6216216216216216,0.5510766883764596,0.6216216216216216,0.6759168706537128,4000
XGBoost,0.5945945945945946,0.5296296296296296,0.5945945945945946,0.5099111414900889,0.5945945945945946,0.5153683094859566,0.5945945945945946,0.7683871683871684,4000
Naive Bayes,0.5405405405405406,0.34722222222222215,0.5405405405405406,0.531328320802005,0.5405405405405406,0.40724637681159415,0.5405405405405406,0.6452937900306323,4000
SVM (RBF),0.5135135135135135,0.17117117117117117,0.5135135135135135,0.3333333333333333,0.5135135135135135,0.2261904761904762,0.5135135135135135,0.5,4000
Gradient Boosting,0.32432432432432434,0.33888888888888885,0.32432432432432434,0.35178856231487815,0.32432432432432434,0.3227697891944716,0.32432432432432434,0.5403263403263404,4000
