Model,Accuracy,Precision (Macro),Precision (Micro),Recall (Macro),Recall (Micro),F1 (Macro),F1 (Micro),C-Index,N_Features
SVM (Linear),0.8918918918918919,0.8653846153846154,0.8918918918918919,0.899749373433584,0.8918918918918919,0.876984126984127,0.8918918918918919,0.9270012638433691,2000
K-Nearest Neighbors,0.8108108108108109,0.7682539682539682,0.8108108108108109,0.7869674185463659,0.8108108108108109,0.766645119586296,0.8108108108108109,0.9339111181216445,2000
Logistic Regression,0.7837837837837838,0.7712418300653594,0.7837837837837838,0.7694235588972432,0.7837837837837838,0.7498612498612499,0.7837837837837838,0.8613926034978666,2000
Random Forest,0.7567567567567568,0.7746031746031746,0.7567567567567568,0.7783094098883572,0.7567567567567568,0.7284610814022577,0.7567567567567568,0.9322414427677584,2000
XGBoost,0.7297297297297297,0.7354497354497354,0.7297297297297297,0.7434495329232171,0.7297297297297297,0.7066378066378066,0.7297297297297297,0.9007861534177324,2000
Decision Tree,0.5405405405405406,0.45751633986928114,0.5405405405405406,0.47026657552973344,0.5405405405405406,0.4601709401709401,0.5405405405405406,0.6161874188189977,2000
Gradient Boosting,0.4864864864864865,0.4813617754794226,0.4864864864864865,0.46160856687172475,0.4864864864864865,0.4351851851851852,0.4864864864864865,0.7004638636217585,2000
Naive Bayes,0.40540540540540543,0.3141025641025641,0.40540540540540543,0.44360902255639095,0.40540540540540543,0.3165322580645161,0.40540540540540543,0.5839738234475077,2000
SVM (RBF),0.1891891891891892,0.06306306306306307,0.1891891891891892,0.3333333333333333,0.1891891891891892,0.10606060606060606,0.1891891891891892,0.5,2000
