n_features,best_trial_number,f1_macro,f1_micro,accuracy,precision,recall,silhouette,nmi,ari
1200,36,0.6897698524049648,0.7658536585365854,0.7658536585365854,0.7062920208876091,0.7094782410571885,0.16726940274238586,0.5223095722815205,0.4613149074477437
