{
    "n_features": 2000,
    "best_f1_macro": 0.7368747619517837,
    "latent_dim": 64,
    "hidden_dim": 64,
    "fusion_hidden_dim": 64,
    "lr_pre": 0.0002146758585108322,
    "lr_fine": 0.00011360532119650048,
    "dropout_rate": 0.11015537480141437,
    "dropout_encoder": 0.22590162867072883,
    "weight_decay": 1.9336124732004638e-05,
    "noise_level": 0.2184491078143125,
    "noise_type": "uniform",
    "focal_gamma": 4.050282882242696,
    "focal_alpha_scale": 1.8214490747770962,
    "use_class_weights": false,
    "max_rel_gap_pre": 0.33104531983955027,
    "max_rel_gap_fine": 0.29846272422979525,
    "overfit_patience": 10,
    "no_improve_patience": 46,
    "ntxent_temperature": 0.2989172299699971,
    "ntxent_weight": 7.766899511244319
}