accuracy,f1_macro,f1_micro,precision,recall,silhouette,nmi,ari,n_features
0.7073170731707317,0.554287083761938,0.7073170731707317,0.5542212100764732,0.5742378673957621,0.12044885009527206,0.4036543032891934,0.3190642324784164,2500
0.7317073170731707,0.5981684415404116,0.7317073170731707,0.6327956728943571,0.6155872636135793,0.09581419676542283,0.34969678342927885,0.3064685730171989,5000
0.6829268292682926,0.5419980123076098,0.6829268292682926,0.5575685266932406,0.55446001367054,0.11298231706023217,0.41082636148869484,0.3694750488545931,7500
0.6878048780487805,0.5813155369762921,0.6878048780487805,0.5917796217370521,0.602239690134427,0.07360408417880535,0.3896785837004724,0.3011041270285886,10000
0.726829268292683,0.5852059548638495,0.726829268292683,0.5808371023541301,0.6099544315333789,0.07430339697748423,0.35582374605410794,0.23860368662639483,15000
