accuracy,f1_macro,f1_micro,precision,recall,silhouette,nmi,ari,n_features
0.7658536585365854,0.6455987217697744,0.7658536585365854,0.7064204014939309,0.6572755753018911,0.0804530493915081,0.45314441957421836,0.3334138070803439,2500
0.7414634146341463,0.638265192724945,0.7414634146341463,0.7111488307444189,0.6379556846662109,0.08295659273862839,0.3804521092929432,0.2730555160964824,5000
0.751219512195122,0.6680242971500995,0.751219512195122,0.7072635493591376,0.6633128275233539,0.0810401901602745,0.3974155427854611,0.28432433023245524,7500
0.7707317073170732,0.6976558587255182,0.7707317073170732,0.7359897376015796,0.6889422419685578,0.08602110147476197,0.42108243482343966,0.3210225616935705,10000
0.7853658536585366,0.6863036247963559,0.7853658536585366,0.728489226416858,0.6978890407837776,0.10050247311592102,0.4325874405260536,0.40889021185854035,15000
